block_lot,postcode,lat,long
29701_16,07305,40.69352822476284,-74.09851612672412
3403_10,07307,40.74855732,-74.0542576
22501_47,07305,40.71198021428572,-74.08043243877552
2104_20,07307,40.75062223529412,-74.05117482352941
4403_48,07307,40.74242935483871,-74.0508195483871
1405_34,07307,40.752682,-74.051996
11405_3,07302,40.720007,-74.045101
17907_31,NA,NA,NA
23203_51,07305,40.707301916666665,-74.08046791666666
26201_22,NA,NA,NA
402_39,07307,40.75642493939394,-74.04741863636363
403_57,07307,40.756001814814816,-74.04842818518519
2203_38,07307,40.749205,-74.04534
1301_74,07307,40.75259182352941,-74.0529828235294
26906_9,07305,40.70262745,-74.09438879999999
9205_23,07306,40.735242291666665,-74.07138391666666
2702_33,07307,40.7472965,-74.05255199999999
4301_32,07307,40.74427304347826,-74.05698960869566
403_33,07307,40.75585733333333,-74.047009
5602_2,07306,40.73949075800462,-74.05822859068316
4701_36,07307,40.7428438,-74.05949869999999
2203_14,07307,40.750081571428574,-74.045616
4701_38,07307,40.7429294,-74.0594361
4701_39,07307,40.7429722,-74.0594048
1203_59,07307,40.75377662162162,-74.05331951351351
3804_14,07307,40.743750368421054,-74.04656763157894
29201_3,07305,40.69759176086957,-74.09655352173914
3404_34,07307,40.747283,-74.05455366666666
29801_66,07305,40.69202613751623,-74.09920272014121
9903_6,07302,40.7247172,-74.05021998987228
13504_7,07306,40.72565359646766,-74.0665736536489
19902_36,07304,40.70980622222222,-74.06649566666667
25201_71,07305,40.702533,-74.08134571428572
13504_10,07306,40.72572329411764,-74.06579288235295
3901_24,07307,40.7422105,-74.04556325
19003_2,07304,40.715483,-74.060766
19003_3,07304,40.71271572727273,-74.05755418181818
19003_4,07304,40.71268363636364,-74.0575149090909
19003_5,07304,40.71265154545455,-74.05747563636363
1402_21,07307,40.75261382608696,-74.04848726086956
4405_20,07307,40.743989142857146,-74.04878028571429
19302_1,07304,40.719426,-74.082442
2104_59,07307,40.75012991304348,-74.05139956521738
5007_20,07307,40.73942368181818,-74.0504494090909
303_10,07307,40.757996,-74.049349
4307_9,07307,40.74420733333333,-74.057295
2703_11,07307,40.74847358823529,-74.0517955882353
13504_14,07306,40.725467,-74.064843
2603_40,07307,40.74984275,-74.0527005
17906_14,07304,40.718815500000005,-74.0730795
4505_35,07307,40.74083975,-74.047488
10901_106,07306,40.7349128,-74.059413
11902_23,07306,40.732607375,-74.076554125
29101_11,07305,40.69472542857143,-74.10053007142858
21509_3,07304,40.705521204081634,-74.07107681632652
1504_24,07307,40.751729,-74.04620355555555
2302_3,07307,40.74871557142857,-74.04438285714285
3805_6,07307,40.74407021052632,-74.04539468421052
29401_30,07305,40.691254,-74.093018
504_18,07307,40.7549180967742,-74.044017
3903_6,07087,40.74166942105264,-74.04567536842104
4505_33,07307,40.7409325,-74.047428
5705_35,07306,40.73694944444444,-74.05456111111111
2304_30,07307,40.74776071428572,-74.04257199999999
11110_3,07302,40.72302492307692,-74.04878634615385
2204_29,07307,40.749339285714285,-74.04424042857143
20401_65,07304,40.71924596268729,-74.0899137278107
20401_66,07304,40.71926612779926,-74.08995042480281
11007_13,NA,NA,NA
16902_7,07306,40.718734727272725,-74.07144172727273
2602_37,07307,40.74969633333333,-74.05593313333333
1507_10,07307,40.750656,-74.047339
2103_8,07307,40.750827,-74.04978216666667
1401_14,07307,40.753021,-74.04902700000001
3601_8,07307,40.74723565714285,-74.05491002857143
3404_29,07307,40.747127285714285,-74.05414997619047
10501_12,07306,40.733398071428574,-74.07102642857143
28502_19,07305,40.69719459000304,-74.0982572641675
1301_34,07307,40.754951,-74.05229735897436
6304_12,07306,40.738148074268125,-74.0636353168293
17505_4,07304,40.71326951020408,-74.05742191836735
17505_5,07304,40.71325555102041,-74.05744159183674
12004_24,07306,40.730274,-74.0697635
3903_32,07087,40.7432736,-74.0446274
2306_52,07307,40.74646528571429,-74.04387728571429
3903_30,07087,40.731689,-74.0529296
3903_29,07087,40.7431122,-74.0447328
3903_28,07087,40.7430584,-74.04476793333333
9601_38,07306,40.73113276190476,-74.05702852380952
9802_33,NA,NA,NA
9802_32,NA,NA,NA
3903_63,07307,40.74172910810811,-74.04485118918919
24903_10,07305,40.7049807808048,-74.08737240222331
29801_84,07305,40.69309535511507,-74.10011055044943
501_1,07306,40.7394629,-74.0620435
9802_2,NA,NA,NA
11902_21,07306,40.73258225,-74.07656975
3805_40,07307,40.74422115789474,-74.04601884210527
22202_7,07305,40.713811,-74.08898950000001
9301_18,07306,40.735534303970674,-74.06863049980954
28504_36,07305,40.69860706633428,-74.09816829423244
2602_36,07307,40.74965544444444,-74.05596044444444
4702_30,07307,40.74183325114016,-74.05610835118065
12202_34,07306,40.7262782,-74.0652168
10704_36,07306,40.7296915,-74.0628844
2104_76,07307,40.75071256521739,-74.05284582608695
10301_37,07306,40.7363321875,-74.07483606250001
16202_21,07304,40.72517475,-74.079429
15203_10,07306,40.7229208,-74.0679475
4403_46,07307,40.74236219354838,-74.05066193548387
5304_13,07306,40.742699,-74.062069375
3903_50,07307,40.74248205405405,-74.0443715945946
603_59,07307,40.75571514285714,-74.05204557142858
2603_23,07307,40.75024286956521,-74.05214334782609
3001_38,07307,40.7446957,-74.04465623975324
2204_32,07307,40.74915471428572,-74.04435357142857
3601_12,07307,40.74708617142857,-74.05452248571429
702_27,07307,40.75550572727273,-74.04760790909091
14602_11,07306,40.729282265306125,-74.08039920408163
14602_10,07306,40.72930673469388,-74.08038079591837
23001_31,07305,40.708136,-74.08558966666666
2203_4,07307,40.74946585714286,-74.04600599999999
4503_8,07307,40.74233072222222,-74.04723983333334
27005_44,07306,40.7394629,-74.0620435
27005_43,07305,40.7010356,-74.0936647
3704_3,07087,40.746452000000005,-74.0519545
2204_4,07307,40.749072,-74.045183
10303_58,07306,40.7340394,-74.0732457
2701_46,07307,40.74700271428571,-74.05382702380953
14204_9,07302,40.7135849,-74.04023558818685
2401_43,07307,40.74638930612245,-74.0418863877551
802_15,07307,40.7544804375,-74.04499200000001
2803_22,07307,40.74827061538461,-74.04919823076922
602_55,07307,40.7569926,-74.052261
16801_4,07304,40.7217935,-74.069122
2805_27,07307,40.74937543478261,-74.04799647826087
11005_9,NA,NA,NA
11005_8,NA,NA,NA
1301_55,07307,40.753839000000006,-74.05217449999999
11508_14,07302,40.72099325,-74.042410875
11508_13,07302,40.7209785,-74.04224775
2501_10,07307,40.749270193548384,-74.05940548387098
3804_2,07307,40.74458354545455,-74.04647054545454
4305_33,07307,40.74312760869565,-74.05634495652174
1402_43,07307,40.75264958823529,-74.04994658823529
2902_19,07307,40.74579560869565,-74.04731695652174
23303_2,07305,40.70702077777778,-74.07480633333333
12308_20,07306,40.726246375,-74.062936875
3404_36,07307,40.74734528571428,-74.05471514285715
2101_45,07307,40.751907071428576,-74.05206171428571
5602_7,07306,40.73943630229788,-74.05794202270431
5602_5,07306,40.73946848818812,-74.05803426002248
2701_38,07307,40.74675357142857,-74.05318111904762
12005_9,07306,40.73055715,-74.06871164701178
1203_49,07307,40.75443013513514,-74.05288545945946
5101_36,07087,40.74095609090909,-74.04613472727272
602_16,07307,40.757119067481135,-74.05302660702846
4201_17,07307,40.74614428571428,-74.06007785714286
2603_27,07307,40.750113391304346,-74.05182195652174
16803_76,07306,40.7236813,-74.0680928
11010_4,07306,40.7349128,-74.059413
2101_38,07307,40.75166632142857,-74.05146721428571
20401_61,07304,40.71916530223941,-74.08976693984225
9901_1,07302,40.72506073684211,-74.0513185263158
2501_17,07307,40.750080857142855,-74.05831214285715
23703_21,07305,40.704418,-74.07524405263158
11009_27,07302,40.723533,-74.05217
7902_69,07306,40.734563625,-74.06223066666666
26201_61,07305,40.70396846835443,-74.09524826582279
7902_61,07306,40.7344876875,-74.06159316666667
11507_16,07302,40.7233492,-74.0407021
11507_6,07302,40.72075649999999,-74.04162125
11507_21,07302,40.720185066666666,-74.0414098
7902_68,07306,40.7345551875,-74.06215983333334
7902_67,07306,40.73454675,-74.062089
4306_27,07306,40.7426757,-74.05726725000001
20503_5,07304,40.718845,-74.08785014285715
2201_26,07307,40.749135,-74.047383
5101_21,07307,40.739335125,-74.046139
2402_11,07087,40.74821416666667,-74.04147966666667
5705_12,07306,40.73751572222223,-74.05426533333333
2103_3,07307,40.750972,-74.05018133333334
3803_32,07307,40.74469114285714,-74.04780928571428
4901_12,07306,40.73865573584906,-74.05319060377359
2705_30,07307,40.74922488888889,-74.05113944444444
22103_10,07305,40.71361407407407,-74.09260014814815
1301_9,07307,40.753339,-74.05336802564102
2302_6,07307,40.748900142857146,-74.04426971428572
1703_50,07087,40.74969418181818,-74.04052
19801_1,07304,40.711731,-74.071779
21301_2,07304,40.7135444,-74.0764945
4503_5,07307,40.74215555555556,-74.04735133333334
801_12,07307,40.7546526,-74.0470128
12004_47,07306,40.73061385185185,-74.07035096296296
12004_48,07306,40.73067711111111,-74.07031177777777
8102_18,07302,40.7327995,-74.05752
14101_27,07302,40.71701194117647,-74.04480182352941
701_22,07307,40.7562248,-74.0505676
2204_31,07307,40.74921623809524,-74.04431585714286
12308_12,07306,40.72689854166667,-74.06260820833333
28702_1,07305,40.696834,-74.09298
5802_9,07307,40.73809057142857,-74.05000032142857
11006_21,07302,40.72280266666667,-74.05105300000001
1202_64,07307,40.75335677777778,-74.05466655555556
7402_21,07306,40.74056780336529,-74.07614120896352
9801_14,NA,NA,NA
3001_43,07307,40.744998936264096,-74.0445503412189
3001_44,07307,40.74511963558759,-74.04447325355366
15203_26,07306,40.72144659999999,-74.0675774
5602_24,07306,40.738187789473685,-74.05557563157895
9901_5,NA,NA,NA
13802_14,07302,40.7185661,-74.053865
5007_12,07307,40.739831333333335,-74.04999344444444
3903_27,07087,40.7430046,-74.04480306666667
9902_23,NA,NA,NA
3703_43,07307,40.74527411111111,-74.05151677777778
2503_36,07307,40.751095709677415,-74.05630309677419
18104_59,07304,40.72178825,-74.08898149999999
703_11,07307,40.7551668,-74.0487598
3304_13,07307,40.7472192,-74.0597072
2002_7,07307,40.75295499239921,-74.05600570124064
3403_32,07307,40.74792768181818,-74.05417354545455
4403_24,07307,40.741948,-74.04877266666666
12608_3,07302,40.7213758125,-74.0512485
23701_6,07305,40.704260625,-74.07674375
14602_35,07306,40.72968587878788,-74.08120212121213
14602_51,07306,40.73043968965518,-74.08146034482759
2602_20,07307,40.74895022727273,-74.05552522727272
2203_12,07307,40.74995842857143,-74.045694
1402_34,07307,40.75230221428571,-74.04906064285714
2306_49,07307,40.746654392857145,-74.04375964285714
1705_6,07307,40.74992244642857,-74.04167507142857
14204_10,07302,40.71347436734694,-74.0403968367347
701_17,07307,40.7564043,-74.0504416
8206_21,07306,40.73178790909091,-74.05541454545454
3503_25,07307,40.74501205263158,-74.05676542105263
2104_13,07307,40.75066675163399,-74.05128824183006
2204_16,07307,40.749816,-74.04471500000001
26905_17,07305,40.70212085714285,-74.09601246938776
1301_14,07307,40.753649,-74.05316212820513
10802_32,07306,40.7281808,-74.06158426240071
10802_31,07306,40.72814715,-74.06149891250374
3404_40,07307,40.74746985714285,-74.05503809523809
2104_12,07307,40.75067311111111,-74.05130444444444
13402_23,07306,40.72845733898305,-74.06517769491525
11108_43,07302,40.72325145,-74.04729855
12308_26,07306,40.7265801,-74.0632950503605
4603_9,NA,NA,NA
5802_43,07306,40.73755182608696,-74.05027513043478
804_11,07307,40.75326980769231,-74.04609423076923
804_12,07307,40.75520654545455,-74.0508908
804_10,07307,40.75330046153846,-74.04617684615384
704_21,07307,40.75423381818182,-74.0484808
1203_50,07307,40.754364783783785,-74.05292886486487
2604_17,07307,40.74961876923077,-74.0526033846154
2104_50,07307,40.74983858695652,-74.0506764347826
24703_59,07305,40.70729452941177,-74.09352644705882
8204_1,07306,40.7327444,-74.0550802
4402_21,07307,40.741806781250006,-74.04980009375001
702_39,07307,40.75500576271186,-74.04789923728814
12203_20,07306,40.72817871428572,-74.065219
12203_21,07306,40.728271142857146,-74.065108
4603_8,07306,40.743494673469385,-74.059783081632645
2304_9,07307,40.74854223809524,-74.04233161904762
5403_12,07306,40.74085430612244,-74.06133236734694
2501_18,07307,40.75005342857143,-74.05824157142857
6802_16,07306,40.73743845402217,-74.05943911247256
11902_18,07306,40.7326701875,-74.0765150625
603_12,07307,40.75700842857143,-74.05200757142858
6802_16,07306,40.73743845402217,-74.05943911247256
19301_28,07304,40.71854339809511,-74.07920275012549
21701_14,07305,40.71551135294118,-74.09200523529412
504_32,07307,40.7545753125,-74.04476199999999
15004_41,07306,40.724364666666666,-74.06814250000001
5805_8,07307,40.7385676923077,-74.05085207692308
5705_14,07306,40.7374365,-74.05411000000001
28403_8,07305,40.69872515686274,-74.09955437254902
2502_50,07307,40.750575,-74.05772642857143
2502_47,07307,40.750767,-74.05759164285715
3902_11,07307,40.743518894736845,-74.04551015789474
20902_31,07304,40.71578875,-74.086445
10601_31,07306,40.73332916666666,-74.06648666666666
1507_30,07307,40.7501615,-74.0475755
12003_44,07306,40.73116819230769,-74.0710665
7807_14,NA,NA,NA
2503_30,07307,40.75145048387097,-74.05606483870967
12701_12,NA,NA,NA
16802_9,07304,40.72094458064516,-74.06933922580644
26903_7,07305,40.701772000000005,-74.09367950000001
704_44,07307,40.7543674,-74.0503436
9804_20,NA,NA,NA
10901_56,07306,40.728002,-74.05883
2205_9,07307,40.7474512408288,-74.04600788396417
2402_12,07087,40.748274,-74.041441
1507_35,07307,40.750316777777776,-74.04796466666667
3804_35,07307,40.74441165,-74.04687670997292
4702_20,07087,40.74201835714285,-74.0552787857143
3805_19,07307,40.74311357894737,-74.04601363157894
12406_12,07306,40.72400565,-74.06261723096394
6501_1,07306,40.73706841901963,-74.06292126735293
10501_19,07306,40.73282785714286,-74.07137614285715
2805_28,07307,40.74935139130435,-74.04793513043478
4203_12,07307,40.74490838888889,-74.05906294444445
4604_11,07306,40.74281285714286,-74.0601324489796
10802_9,07306,40.72880565,-74.06193675
3001_11,07087,40.7451616,-74.04381197087156
7902_43,07306,40.73434425,-74.060389
7902_44,07306,40.7343526875,-74.06045983333334
4405_6,07307,40.7434298,-74.0497348
9806_3,NA,NA,NA
3903_25,07087,40.742897,-74.04487333333334
6807_27,07306,40.7351365,-74.05481725
10302_78,07306,40.73422110204082,-74.07412997959185
3304_11,07307,40.747038,-74.059826
2005_3,07307,40.752387142857145,-74.05372542857143
5802_12,07307,40.737979714285714,-74.04980846428572
24103_7,07305,40.70287861538462,-74.079982
11106_6,NA,NA,NA
802_42,07307,40.754181,-74.04581607407408
3303_27,07307,40.74760191666667,-74.05981112500001
11804_14,07306,40.7326276122449,-74.07678169387755
3901_28,07307,40.741941,-74.0457395
3805_38,07307,40.744100315789474,-74.04609768421052
2204_21,07307,40.75000571428571,-74.04407642857143
5902_9,07306,40.7377225,-74.0527207
7902_61,07306,40.7344876875,-74.06159316666667
28502_22,07305,40.6966931,-74.0980883
1202_47,07307,40.75450333333333,-74.05390816666667
27001_17,NA,NA,NA
11110_12,07302,40.72244,-74.04802375
20201_90,08016,40.08093129670725,-74.8378687033556
1508_28,07307,40.74943554347826,-74.04814984782608
10704_8,07087,40.7160314,-74.0671738
11903_3,07306,40.732726,-74.074284
21403_19,07305,40.70977304685376,-74.07278318402874
14105_3,07304,40.716419,-74.046708
11209_7,NA,NA,NA
7902_60,07306,40.73447925,-74.06152233333333
7902_59,07306,40.7344708125,-74.0614515
21101_34,NA,NA,NA
1504_10,07307,40.752149,-74.04730385185185
7402_23,07306,40.74359204483971,-74.07017641062872
6701_23,07306,40.736145073732224,-74.05903973099782
18703_1,07304,40.71592411111112,-74.06927922222222
805_1,07307,40.75398127272727,-74.04787854545454
3601_3,07307,40.74742251428571,-74.05539445714285
1506_15,07307,40.75114525,-74.0466177
4902_26,NA,NA,NA
20304_28,07304,40.710181909090906,-74.06120509090908
1604_38,07307,40.75017642857143,-74.04347457142858
28102_17,07305,40.698584764705885,-74.09328017647059
1402_4,07307,40.753208086956526,-74.04994186956522
10802_14,07306,40.7287226,-74.0613426
10802_11,07306,40.72874155,-74.0618049369852
20803_71,07304,40.7167018,-74.08979125
3403_42,07307,40.748287227272726,-74.05508718181818
3302_23,NA,NA,NA
2503_8,07307,40.75073093103448,-74.05737120689655
10802_15,07306,40.72850545,-74.0614377
12007_24,07306,40.7299633,-74.07234625000001
4505_34,07307,40.740886125,-74.04745799999999
11002_11,07302,40.72405590909091,-74.05085527272728
16203_1,07306,40.7255498,-74.07835700000001
6001_36,07307,40.73782838952483,-74.04437759900246
3802_7,07307,40.7447832,-74.04799026666666
2603_39,07307,40.74982715384616,-74.05266107692307
19003_8,07304,40.71235130769231,-74.05732046153847
24101_11,07305,40.70385111111111,-74.07856
2104_5,07307,40.75071762745098,-74.0514178627451
6601_36,07087,40.73803920106513,-74.05867104182566
20601_76,07304,40.71812233333333,-74.0837655
2904_38,07307,40.74554633562566,-74.04623670985137
10502_33,07306,40.73310741379311,-74.07096475862069
802_34,07307,40.753902,-74.04510740740741
4602_32,07306,40.74372081632653,-74.05989379591837
11002_11,07302,40.72405590909091,-74.05085527272728
22702_10,07305,40.70871557692308,-74.07468419230769
28904_13,07305,40.69264952941177,-74.08775429411764
13606_3,07304,40.72030622904018,-74.06214333345
4505_23,07307,40.74139625,-74.047128
10301_19,07306,40.73520475,-74.07541225
12308_11,07306,40.7299403,-74.066743399999993
4402_22,07307,40.741774250000006,-74.04972375000001
2802_42,07307,40.74727338461538,-74.05038465384615
25901_14,07305,40.69932192307692,-74.08270161538462
3305_4,07307,40.74711684615384,-74.06083161538461
6602_19,07306,40.737451200938665,-74.05955568252743
10502_37,07306,40.733769714285714,-74.06897314285715
703_17,07307,40.755058000000005,-74.048491
601_22,07307,40.756088,-74.053922
1508_30,07307,40.74948363043478,-74.04827254347826
7902_46,07306,40.7343695625,-74.0606015
25701_13,07305,40.70183242105263,-74.0858737894737
25001_67,NA,NA,NA
26904_10,07305,40.701181857142856,-74.09426942857144
14105_4,07304,40.71641066666667,-74.04663166666667
14601_5,07306,40.730190666666665,-74.08189484848485
25304_27,NA,NA,NA
11903_26,07306,40.73252529411765,-74.075553
4306_23,07307,40.74270675963725,-74.05705218489442
20103_2,07304,40.7106676,-74.0649768
804_22,07307,40.752932615384616,-74.04518546153847
5706_11,07306,40.7381399992432,-74.05384926156917
8304_32,07306,40.73247471428572,-74.05209785714285
20801_48,07305,40.71290696456059,-74.08106315942368
1203_51,07307,40.75429943243243,-74.05297227027027
2703_6,07307,40.74863447058824,-74.05220147058824
23203_45,07305,40.70624152083333,-74.07884402083333
23203_44,07305,40.70619541666667,-74.07877341666666
15004_40,07306,40.72436208333333,-74.0681555625
13501_10,07306,40.7250863,-74.06364433412372
30104_4,07305,40.697748,-74.100804
18402_6,07304,40.71763144444444,-74.07754166666666
10203_63,07306,40.734927285714285,-74.07578671428571
16101_45,07306,40.726887,-74.07910733333334
16302_25,07306,40.72550185858586,-74.0754122828283
3803_11,07307,40.7442415,-74.0473115
1602_48,07307,40.75071733134328,-74.04520810149253
4404_33,07307,40.74333275,-74.0500485
8202_2,07306,40.73299618181818,-74.05673627272726
603_39,07307,40.757272785714285,-74.05105814285714
2504_31,07307,40.748758,-74.0578563
1405_19,07307,40.75195073333333,-74.05017193333335
603_38,07307,40.75733047619048,-74.05102157142858
2205_36,07307,40.74710789655172,-74.04546296551725
4504_31,07087,40.74031255555556,-74.046781
801_7,07087,40.75485428571429,-74.046461
2302_5,07307,40.74883861904762,-74.04430742857143
8502_25,07302,40.72802239552239,-74.04862824626865
7808_12,07306,40.73658025,-74.064930875
3601_5,07307,40.74734777142857,-74.05520068571428
13303_16,07306,40.72735965,-74.06828805657996
12106_13,07306,40.730215900000005,-74.06667774532335
17504_26,07304,40.71260359337395,-74.05663205434816
19302_66,07304,40.7187288,-74.0822468
2306_14,07307,40.747018,-74.04430607142857
2501_9,07307,40.7492314516129,-74.05943312903226
1402_57,07307,40.753303,-74.050341
302_20,07307,40.758014,-74.050582
4603_30,07306,40.743021354166665,-74.06018491666667
21302_6,07304,40.7127276,-74.074285
1505_52,07307,40.752386,-74.04744262962963
17205_3,07304,40.716469,-74.064484
5803_10,07306,40.73721463636364,-74.05003027272727
703_19,07307,40.755021733333336,-74.0484014
11403_25,07302,40.72111305,-74.04374525
12003_19,07306,40.73068385185185,-74.07054696296296
10803_2,07306,40.72899497959183,-74.06127826530613
10803_3,07306,40.72943825,-74.06102630000001
10803_4,07306,40.729343400000005,-74.06109599999999
603_51,07307,40.75623435714286,-74.05171642857144
19002_1,07304,40.71328428571429,-74.05825128571429
22502_1,07305,40.71213003030303,-74.08099987878788
2501_16,07307,40.75010828571428,-74.05838271428571
1402_11,07307,40.75296339130435,-74.04934291304347
601_16,07307,40.756342060019584,-74.05376124241937
22401_10,07305,40.710517714285714,-74.08367585714285
2804_34,07307,40.74818992307692,-74.04852584615385
803_26,07307,40.7531432,-74.044568
25602_13,07305,40.703425058823534,-74.08679917647059
23502_34,07305,40.70591744444444,-74.0800411111111
603_43,07307,40.75686895238096,-74.05131414285715
803_45,07307,40.754035,-74.04591607407409
2306_21,07307,40.747466,-74.04404657142857
26402_24,07305,40.70150617391304,-74.08792408695652
29301_17,07305,40.692052,-74.095145
3803_34,07307,40.744826571428575,-74.04771914285715
3406_13,07307,40.74790275,-74.0569635
3304_15,07307,40.74734,-74.059628
29201_14,07305,40.69691480434783,-74.09597960869566
2301_10,07307,40.7473988275862,-74.04503227586207
703_42,07307,40.75444466666667,-74.04854046666667
2705_14,07307,40.7496602173913,-74.05069708695652
5801_5,07307,40.738596,-74.049308
25503_9,07305,40.704926337081766,-74.0897920150606
2603_43,07307,40.74988953846154,-74.05281876923077
2306_22,07307,40.747530000000005,-74.0440095
2804_45,07307,40.74861092307692,-74.04958884615384
9205_21,07306,40.73522670833333,-74.07133608333334
11008_1,NA,NA,NA
504_12,07307,40.75507932258065,-74.04443099999999
15003_18,07306,40.72387045454545,-74.06837118181818
2803_7,NA,NA,NA
16703_5,07306,40.7224615,-74.071191
2502_39,07307,40.751343000000006,-74.05718728571428
4402_43,07307,40.74159763265306,-74.0508016122449
5803_24,07306,40.73631457142857,-74.04969
27901_26,07305,40.6997217095137,-74.0975168180876
801_17,07307,40.755178,-74.0472245
2804_11,07307,40.74916092307693,-74.04943207692308
5505_4,07306,40.739457724137935,-74.06066651724139
5505_5,07306,40.739443482758624,-74.0606313448276
5505_6,07306,40.73942924137931,-74.0605961724138
14705_22,07304,40.721706,-74.08159397297297
5505_7,07306,40.739415,-74.060561
5904_4,07306,40.735444625,-74.05208625
7103_17,07310,40.73260969230769,-74.04086376923077
7103_16,07310,40.732574769230766,-74.04087007692308
7103_15,07310,40.73253984615385,-74.04087638461539
7103_14,07310,40.73250492307693,-74.0408826923077
7103_13,07310,40.73247,-74.040889
701_16,07307,40.7564402,-74.0504164
2501_36,07307,40.7584871,-74.0520274
2501_37,07307,40.74879009523809,-74.05891957142856
5802_16,07307,40.73784114285714,-74.04956864285714
5706_16,07306,40.73791105757618,-74.05339489837587
1508_27,07307,40.7494115,-74.0480885
7903_21,07306,40.73417191836735,-74.06033526530612
7903_22,07306,40.73416365306122,-74.06026587755102
7903_23,07306,40.7341553877551,-74.06019648979593
7903_24,07306,40.73414712244898,-74.06012710204082
7903_25,07306,40.73412232653062,-74.05991893877551
10901_55,07306,40.72801011111111,-74.05881811111111
6001_8,07087,40.7527885,-74.0384985
19902_27,07304,40.71013972222222,-74.06602916666667
3406_17,07306,40.7394629,-74.0620435
703_58,07307,40.75473,-74.0492474
703_57,07307,40.75471216666667,-74.04920321666667
15003_19,07306,40.72289160606061,-74.06926633333333
6601_2,07306,40.738147080000005,-74.05816858
603_40,07307,40.75709971428572,-74.05116785714286
1506_38,07307,40.7510165,-74.047786
4501_16,07307,40.7419115,-74.048555
20801_50,07305,40.71292347046716,-74.08112863285307
1203_43,07307,40.75482224324325,-74.05262502702702
3404_27,07307,40.747065,-74.0539885
19003_18,07304,40.712349333333336,-74.05840266666667
2002_8,07307,40.752886990499015,-74.05605012655079
10503_28,07306,40.731872,-74.0697179
2702_36,07307,40.74737675,-74.0527602
2504_32,07307,40.7486955,-74.05789725
12203_39,07306,40.72776325,-74.06391011464875
1705_26,07307,40.749441,-74.041994
13303_15,07306,40.7273982,-74.06836735689264
3704_53,07307,40.74617523076923,-74.05167469230769
2204_20,07307,40.750033571428574,-74.04415114285715
2205_37,07307,40.747047241379306,-74.0455024137931
5706_37,07306,40.737692333333335,-74.054223
10704_34,07306,40.72958735,-74.06266872137009
4402_19,07307,40.741871843750005,-74.04995278125
4902_32,07306,40.738722,-74.052933
10502_25,07306,40.73267920689655,-74.07122737931034
704_24,07307,40.75420463636364,-74.0484085
10302_85,07306,40.733754000000005,-74.074557
18503_7,NA,NA,NA
18503_8,NA,NA,NA
16902_33,07304,40.717908,-74.07096557142857
7902_48,07306,40.7343864375,-74.06074316666667
2205_28,07307,40.74807837931034,-74.04483179310346
15004_42,07306,40.72436725,-74.0681294375
1401_13,07307,40.7529808,-74.0489286
2304_24,07087,40.74807084615385,-74.04181346153845
5603_38,07306,40.737136,-74.05627375
1303_17,07307,40.753403137701085,-74.05081203609244
17906_46,07304,40.7186886,-74.0741002
2605_35,07307,40.74849784,-74.05358919999999
10203_37,07306,40.7373139,-74.0758552
7804_15,07306,40.73559155,-74.06393883296124
29403_23,07305,40.69215911111111,-74.09155433333333
18104_64,07304,40.721886375,-74.08920024999999
2306_12,07307,40.746826,-74.04441728571429
13002_4,07310,40.7322291,-74.0443848
603_61,07307,40.75559976190476,-74.05211871428573
11901_25,07306,40.73330777777778,-74.07600044444445
3704_11,07307,40.74662475,-74.05128653571428
802_6,07307,40.7547105,-74.045586
1602_12,07307,40.751252084038526,-74.04405325116
4702_8,07307,40.74283026086957,-74.05606769565217
2501_11,07307,40.749289564516125,-74.05939166129032
5803_12,07306,40.73713636363636,-74.04988772727273
3803_22,07307,40.74389285714285,-74.04808
4306_33,07306,40.7429019,-74.05782675
403_28,07307,40.75623617142857,-74.0474074
2702_3,07307,40.748066,-74.052896
27205_20,07305,40.698087,-74.08902745945946
19702_14,07304,40.71150957207847,-74.06947158421355
3503_17,07307,40.7433637,-74.0549026
13803_3,07302,40.71897761566337,-74.05523473482037
2306_53,07307,40.74640225,-74.0439165
3501_4,07307,40.74736511111111,-74.05764222222223
18104_67,07304,40.72203640384616,-74.08953384615384
10302_15,07306,40.73493625,-74.07456345833333
12101_31,07306,40.72995325,-74.06772605
2105_1,07307,40.751865811304896,-74.05331478098249
20503_90,07304,40.718621,-74.088769
403_10,07307,40.756746657142855,-74.0487232
1202_43,07307,40.75484055555556,-74.05368511111111
6806_26,07306,40.734624454545454,-74.05526572727273
2303_38,07307,40.74831185714285,-74.04271942857143
4307_20,07307,40.743697,-74.056367
12002_44,07306,40.7332784,-74.0709774
27001_16,NA,NA,NA
1203_47,07307,40.75456083783784,-74.05279864864865
5802_1,07307,40.73834,-74.050432
13803_4,07302,40.71904469253069,-74.0552229878563
503_35,07307,40.755369629629634,-74.04470255555556
1302_21,07307,40.75365124489796,-74.05058734693877
704_51,07307,40.755028333333335,-74.05112266666667
14301_7,07306,40.71679533333333,-74.03775516666667
3404_17,07307,40.74780380769231,-74.05432976923078
4203_27,07306,40.74435964705882,-74.05938294117647
5304_20,07306,40.742342,-74.06231
10503_30,07306,40.73276137931035,-74.06902479310345
6701_24,07306,40.73619015403225,-74.05902995454721
6701_22,07306,40.736099993432205,-74.05904950744844
6701_21,07306,40.73605491313218,-74.05905928389905
8605_7,NA,NA,NA
4301_15,07307,40.74461752380952,-74.05625585714286
27001_9,NA,NA,NA
1505_10,07307,40.752811,-74.0469042
3304_45,07307,40.747076,-74.058998
17003_36,07304,40.715650705882354,-74.068332
1202_62,07307,40.75349166666667,-74.05457733333333
10203_77,07306,40.734191860061806,-74.07636354306847
2704_34,07307,40.74868394117647,-74.05185794117648
15201_54,07306,40.72261132291666,-74.06647640625
601_14,07307,40.75642674669278,-74.05370765655915
803_30,07307,40.75311126923077,-74.04517307692308
1202_73,07307,40.753169,-74.0551314
803_46,07307,40.75357107692307,-74.04641230769231
13504_2,07306,40.72521979072535,-74.06586611768195
12308_8,07306,40.72704535,-74.06293660705269
13201_23,07306,40.72965,-74.071727
13201_22,07306,40.7296362,-74.07169337142857
2605_34,07307,40.7484682,-74.053507
5008_1,07307,40.740364875,-74.0503356875
1504_13,07307,40.752059,-74.04706807407408
16103_27,07306,40.726284666666665,-74.079564
12308_22,07306,40.726308125,-74.063069625
12308_21,07306,40.72627725,-74.06300325000001
1505_24,07307,40.752316,-74.0456322
2503_33,07307,40.75127309677419,-74.05618396774193
12603_8,NA,NA,NA
12603_9,NA,NA,NA
12603_10,NA,NA,NA
18303_10,07304,40.71948698332712,-74.0800939743413
10301_4,07306,40.734453125,-74.07579637500001
25701_13,07305,40.70183242105263,-74.0858737894737
20803_61,07304,40.7162662,-74.0889855
4505_30,07307,40.741071625,-74.047338
12202_29,07306,40.7266625,-74.06498125
2504_14,07307,40.74975884210527,-74.058042
4504_6,07307,40.74095544827586,-74.04717193103448
2101_47,07307,40.75197585714286,-74.05223157142856
2603_24,07307,40.7502105,-74.052063
804_28,07307,40.752657,-74.04490466666667
6806_2,07306,40.73460303599882,-74.05508780661037
6806_27,07306,40.73463172727273,-74.05525936363635
10601_20,NA,NA,NA
5603_25,07306,40.737529076923074,-74.05604553846153
23203_32,07305,40.70680539130435,-74.078691
1403_18,07307,40.75156433333333,-74.049189
504_31,07307,40.75454975,-74.044696
504_32,07307,40.7545753125,-74.04476199999999
2305_34,07087,40.74672207142857,-74.04268692857143
19105_10,07304,40.72052487755102,-74.08855469387755
704_30,07307,40.7539076140824,-74.04861174727192
13303_8,07306,40.72774995,-74.06923853626361
13303_9,07306,40.727760833333335,-74.0689
10404_1,07306,40.735289,-74.0718017
16803_18,07304,40.7193632,-74.067373
17101_49,07304,40.71615905092782,-74.06802296475023
504_16,07307,40.75497183870968,-74.04415499999999
3502_22,07307,40.74557804878049,-74.05616282926829
